{
  "type": "FeatureCollection",
  "features": [
    {
      "type": "Feature",
      "geometry": {
        "type": "Polygon",
        "coordinates": [
          [
            [
              8.558162,
              49.848104
            ],
            [
              8.55909,
              49.845528
            ],
            [
              8.559137,
              49.845396
            ],
            [
              8.55997,
              49.843091
            ],
            [
              8.560003,
              49.843002
            ],
            [
              8.560403,
              49.84193
            ],
            [
              8.560595,
              49.841393
            ],
            [
              8.560611,
              49.841349
            ],
            [
              8.56107,
              49.840074
            ],
            [
              8.56151,
              49.838828
            ],
            [
              8.561684,
              49.83834
            ],
            [
              8.561697,
              49.838305
            ],
            [
              8.561932,
              49.837647
            ],
            [
              8.562009,
              49.837433
            ],
            [
              8.562149,
              49.837042
            ],
            [
              8.562703,
              49.835499
            ],
            [
              8.563224,
              49.834048
            ],
            [
              8.563339,
              49.833656
            ],
            [
              8.563425,
              49.833296
            ],
            [
              8.56344,
              49.833219
            ],
            [
              8.563445,
              49.833194
            ],
            [
              8.563454,
              49.833149
            ],
            [
              8.563501,
              49.832912
            ],
            [
              8.56354,
              49.832462
            ],
            [
              8.563562,
              49.831834
            ],
            [
              8.563602,
              49.830641
            ],
            [
              8.563687,
              49.830342
            ],
            [
              8.563755,
              49.830259
            ],
            [
              8.564292,
              49.829806
            ],
            [
              8.5646,
              49.829767
            ],
            [
              8.565602,
              49.82964
            ],
            [
              8.566068,
              49.829601
            ],
            [
              8.566099,
              49.829598
            ],
            [
              8.565573,
              49.830701
            ],
            [
              8.565599,
              49.830709
            ],
            [
              8.567942,
              49.831423
            ],
            [
              8.568082,
              49.831466
            ],
            [
              8.568136,
              49.831493
            ],
            [
              8.568583,
              49.83172
            ],
            [
              8.568913,
              49.831887
            ],
            [
              8.56957,
              49.831964
            ],
            [
              8.569951,
              49.832009
            ],
            [
              8.570936,
              49.832259
            ],
            [
              8.572185,
              49.832732
            ],
            [
              8.572419,
              49.83282
            ],
            [
              8.572636,
              49.832902
            ],
            [
              8.573065,
              49.832984
            ],
            [
              8.573266,
              49.833022
            ],
            [
              8.574198,
              49.833199
            ],
            [
              8.575058,
              49.833468
            ],
            [
              8.575263,
              49.833531
            ],
            [
              8.575951,
              49.83382
            ],
            [
              8.576085,
              49.833875
            ],
            [
              8.576167,
              49.83391
            ],
            [
              8.57622,
              49.833912
            ],
            [
              8.579993,
              49.834339
            ],
            [
              8.580061,
              49.834347
            ],
            [
              8.5825,
              49.834595
            ],
            [
              8.582642,
              49.83465
            ],
            [
              8.582718,
              49.834635
            ],
            [
              8.582654,
              49.834989
            ],
            [
              8.584092,
              49.83519
            ],
            [
              8.584039,
              49.835487
            ],
            [
              8.584598,
              49.835509
            ],
            [
              8.584676,
              49.835512
            ],
            [
              8.585002,
              49.835525
            ],
            [
              8.586529,
              49.835603
            ],
            [
              8.586597,
              49.835607
            ],
            [
              8.589772,
              49.835819
            ],
            [
              8.590322,
              49.835964
            ],
            [
              8.590375,
              49.836026
            ],
            [
              8.590164,
              49.836919
            ],
            [
              8.590022,
              49.837061
            ],
            [
              8.590082,
              49.83711
            ],
            [
              8.590208,
              49.837092
            ],
            [
              8.591198,
              49.837207
            ],
            [
              8.59216,
              49.837318
            ],
            [
              8.593364,
              49.837456
            ],
            [
              8.593505,
              49.837464
            ],
            [
              8.593547,
              49.837465
            ],
            [
              8.593563,
              49.837466
            ],
            [
              8.593575,
              49.837467
            ],
            [
              8.594055,
              49.83749
            ],
            [
              8.594078,
              49.837491
            ],
            [
              8.595144,
              49.837545
            ],
            [
              8.595072,
              49.837825
            ],
            [
              8.596765,
              49.837962
            ],
            [
              8.596844,
              49.837636
            ],
            [
              8.597998,
              49.837676
            ],
            [
              8.598036,
              49.837509
            ],
            [
              8.598047,
              49.837465
            ],
            [
              8.598235,
              49.836655
            ],
            [
              8.598524,
              49.836694
            ],
            [
              8.598603,
              49.836705
            ],
            [
              8.598882,
              49.836743
            ],
            [
              8.598954,
              49.836752
            ],
            [
              8.599014,
              49.83676
            ],
            [
              8.599992,
              49.836893
            ],
            [
              8.600057,
              49.836901
            ],
            [
              8.600137,
              49.836912
            ],
            [
              8.600196,
              49.83692
            ],
            [
              8.600431,
              49.836952
            ],
            [
              8.60044,
              49.836953
            ],
            [
              8.600547,
              49.836968
            ],
            [
              8.600616,
              49.836977
            ],
            [
              8.600634,
              49.836979
            ],
            [
              8.601013,
              49.836981
            ],
            [
              8.603008,
              49.836995
            ],
            [
              8.603116,
              49.83697
            ],
            [
              8.603337,
              49.83692
            ],
            [
              8.603657,
              49.836846
            ],
            [
              8.604632,
              49.836581
            ],
            [
              8.604729,
              49.836555
            ],
            [
              8.60475,
              49.836549
            ],
            [
              8.604764,
              49.836546
            ],
            [
              8.604858,
              49.83652
            ],
            [
              8.606151,
              49.836171
            ],
            [
              8.606327,
              49.836123
            ],
            [
              8.606359,
              49.836115
            ],
            [
              8.606382,
              49.836108
            ],
            [
              8.608605,
              49.835511
            ],
            [
              8.608915,
              49.835427
            ],
            [
              8.608948,
              49.835418
            ],
            [
              8.609895,
              49.835163
            ],
            [
              8.611266,
              49.834796
            ],
            [
              8.611332,
              49.834667
            ],
            [
              8.611351,
              49.834629
            ],
            [
              8.611363,
              49.834604
            ],
            [
              8.611407,
              49.834511
            ],
            [
              8.611719,
              49.833856
            ],
            [
              8.612006,
              49.833261
            ],
            [
              8.612391,
              49.832625
            ],
            [
              8.612814,
              49.831913
            ],
            [
              8.612882,
              49.831755
            ],
            [
              8.613281,
              49.830821
            ],
            [
              8.613296,
              49.830779
            ],
            [
              8.613372,
              49.830571
            ],
            [
              8.613413,
              49.830487
            ],
            [
              8.613418,
              49.830478
            ],
            [
              8.613442,
              49.830429
            ],
            [
              8.613443,
              49.830425
            ],
            [
              8.613608,
              49.830084
            ],
            [
              8.613648,
              49.830002
            ],
            [
              8.614268,
              49.828723
            ],
            [
              8.614558,
              49.828137
            ],
            [
              8.61472,
              49.827812
            ],
            [
              8.614756,
              49.82774
            ],
            [
              8.614938,
              49.827369
            ],
            [
              8.615136,
              49.827003
            ],
            [
              8.615159,
              49.826961
            ],
            [
              8.615166,
              49.826947
            ],
            [
              8.615701,
              49.825959
            ],
            [
              8.616187,
              49.825078
            ],
            [
              8.616676,
              49.824194
            ],
            [
              8.617172,
              49.823121
            ],
            [
              8.617183,
              49.823097
            ],
            [
              8.617195,
              49.823076
            ],
            [
              8.61825,
              49.82123
            ],
            [
              8.618979,
              49.819784
            ],
            [
              8.619334,
              49.819154
            ],
            [
              8.619852,
              49.818234
            ],
            [
              8.619989,
              49.817982
            ],
            [
              8.620035,
              49.817897
            ],
            [
              8.620081,
              49.817812
            ],
            [
              8.620219,
              49.817558
            ],
            [
              8.620465,
              49.817102
            ],
            [
              8.620571,
              49.816906
            ],
            [
              8.620747,
              49.816581
            ],
            [
              8.620839,
              49.816412
            ],
            [
              8.620851,
              49.816385
            ],
            [
              8.620954,
              49.816151
            ],
            [
              8.621056,
              49.815918
            ],
            [
              8.621237,
              49.815507
            ],
            [
              8.621462,
              49.814997
            ],
            [
              8.621476,
              49.814964
            ],
            [
              8.621614,
              49.814645
            ],
            [
              8.621631,
              49.814605
            ],
            [
              8.621651,
              49.814561
            ],
            [
              8.621716,
              49.814411
            ],
            [
              8.621526,
              49.814381
            ],
            [
              8.621367,
              49.814356
            ],
            [
              8.621357,
              49.814354
            ],
            [
              8.621034,
              49.81428
            ],
            [
              8.620745,
              49.814189
            ],
            [
              8.621712,
              49.812782
            ],
            [
              8.621747,
              49.81273
            ],
            [
              8.621755,
              49.812719
            ],
            [
              8.621772,
              49.812694
            ],
            [
              8.621788,
              49.812671
            ],
            [
              8.621819,
              49.812626
            ],
            [
              8.621822,
              49.812621
            ],
            [
              8.621833,
              49.812605
            ],
            [
              8.621835,
              49.812602
            ],
            [
              8.621842,
              49.812592
            ],
            [
              8.621844,
              49.812575
            ],
            [
              8.621847,
              49.812549
            ],
            [
              8.621848,
              49.812545
            ],
            [
              8.621906,
              49.812067
            ],
            [
              8.621923,
              49.811925
            ],
            [
              8.621947,
              49.811725
            ],
            [
              8.621954,
              49.81167
            ],
            [
              8.621964,
              49.811592
            ],
            [
              8.621966,
              49.811572
            ],
            [
              8.622004,
              49.811295
            ],
            [
              8.622032,
              49.811073
            ],
            [
              8.622035,
              49.81105
            ],
            [
              8.622037,
              49.811036
            ],
            [
              8.622041,
              49.811007
            ],
            [
              8.622042,
              49.810999
            ],
            [
              8.622054,
              49.810902
            ],
            [
              8.623224,
              49.811331
            ],
            [
              8.623233,
              49.811334
            ],
            [
              8.624123,
              49.811661
            ],
            [
              8.624406,
              49.811476
            ],
            [
              8.62467,
              49.811303
            ],
            [
              8.62481,
              49.811211
            ],
            [
              8.625034,
              49.811072
            ],
            [
              8.625046,
              49.811064
            ],
            [
              8.625129,
              49.811013
            ],
            [
              8.62548,
              49.810796
            ],
            [
              8.626119,
              49.810399
            ],
            [
              8.626366,
              49.810246
            ],
            [
              8.626611,
              49.81005
            ],
            [
              8.626902,
              49.809817
            ],
            [
              8.627224,
              49.80956
            ],
            [
              8.627379,
              49.809436
            ],
            [
              8.628157,
              49.808894
            ],
            [
              8.628286,
              49.808807
            ],
            [
              8.628444,
              49.8087
            ],
            [
              8.628491,
              49.808668
            ],
            [
              8.628677,
              49.808542
            ],
            [
              8.628789,
              49.808466
            ],
            [
              8.629096,
              49.808258
            ],
            [
              8.630042,
              49.807616
            ],
            [
              8.630023,
              49.807591
            ],
            [
              8.629733,
              49.807216
            ],
            [
              8.62902,
              49.806294
            ],
            [
              8.628886,
              49.80612
            ],
            [
              8.628345,
              49.80542
            ],
            [
              8.62779,
              49.804701
            ],
            [
              8.629522,
              49.804447
            ],
            [
              8.631952,
              49.804091
            ],
            [
              8.633401,
              49.803879
            ],
            [
              8.634462,
              49.803723
            ],
            [
              8.634538,
              49.803712
            ],
            [
              8.635141,
              49.803624
            ],
            [
              8.635233,
              49.80361
            ],
            [
              8.635319,
              49.803598
            ],
            [
              8.635741,
              49.803536
            ],
            [
              8.6362,
              49.803469
            ],
            [
              8.636316,
              49.803452
            ],
            [
              8.636436,
              49.803434
            ],
            [
              8.636475,
              49.803428
            ],
            [
              8.636644,
              49.803404
            ],
            [
              8.638131,
              49.803186
            ],
            [
              8.639856,
              49.802933
            ],
            [
              8.639843,
              49.802908
            ],
            [
              8.639726,
              49.802667
            ],
            [
              8.639694,
              49.802602
            ],
            [
              8.639635,
              49.802483
            ],
            [
              8.639612,
              49.802434
            ],
            [
              8.639425,
              49.802211
            ],
            [
              8.639195,
              49.80212
            ],
            [
              8.639157,
              49.802062
            ],
            [
              8.639402,
              49.801997
            ],
            [
              8.639692,
              49.80192
            ],
            [
              8.640026,
              49.801832
            ],
            [
              8.639834,
              49.801529
            ],
            [
              8.639961,
              49.801573
            ],
            [
              8.640404,
              49.801499
            ],
            [
              8.641495,
              49.801196
            ],
            [
              8.642724,
              49.800919
            ],
            [
              8.643348,
              49.800764
            ],
            [
              8.643444,
              49.800741
            ],
            [
              8.643488,
              49.80073
            ],
            [
              8.643685,
              49.800681
            ],
            [
              8.64383,
              49.800645
            ],
            [
              8.644611,
              49.800389
            ],
            [
              8.644964,
              49.80023
            ],
            [
              8.645356,
              49.800054
            ],
            [
              8.646029,
              49.799609
            ],
            [
              8.646555,
              49.79915
            ],
            [
              8.647012,
              49.798464
            ],
            [
              8.647211,
              49.797956
            ],
            [
              8.647253,
              49.797848
            ],
            [
              8.64741,
              49.797448
            ],
            [
              8.647521,
              49.797004
            ],
            [
              8.647806,
              49.796653
            ],
            [
              8.64799,
              49.795896
            ],
            [
              8.648155,
              49.79588
            ],
            [
              8.650382,
              49.795668
            ],
            [
              8.650422,
              49.795759
            ],
            [
              8.650434,
              49.795786
            ],
            [
              8.650518,
              49.795981
            ],
            [
              8.650567,
              49.796093
            ],
            [
              8.650603,
              49.796176
            ],
            [
              8.650635,
              49.79625
            ],
            [
              8.650681,
              49.796356
            ],
            [
              8.650714,
              49.796433
            ],
            [
              8.65075,
              49.796516
            ],
            [
              8.650865,
              49.796782
            ],
            [
              8.651658,
              49.796668
            ],
            [
              8.651691,
              49.796656
            ],
            [
              8.652527,
              49.796336
            ],
            [
              8.652617,
              49.796302
            ],
            [
              8.652709,
              49.796434
            ],
            [
              8.652715,
              49.796443
            ],
            [
              8.653022,
              49.796888
            ],
            [
              8.653124,
              49.797035
            ],
            [
              8.653217,
              49.797169
            ],
            [
              8.65437,
              49.796937
            ],
            [
              8.654393,
              49.796932
            ],
            [
              8.654421,
              49.796926
            ],
            [
              8.654493,
              49.796911
            ],
            [
              8.654649,
              49.797229
            ],
            [
              8.654774,
              49.797484
            ],
            [
              8.656112,
              49.797346
            ],
            [
              8.656172,
              49.797574
            ],
            [
              8.656204,
              49.797698
            ],
            [
              8.656341,
              49.797676
            ],
            [
              8.656457,
              49.797657
            ],
            [
              8.656527,
              49.797646
            ],
            [
              8.656561,
              49.797641
            ],
            [
              8.656691,
              49.79762
            ],
            [
              8.656741,
              49.797612
            ],
            [
              8.656803,
              49.797685
            ],
            [
              8.656834,
              49.79772
            ],
            [
              8.657119,
              49.798053
            ],
            [
              8.658023,
              49.798924
            ],
            [
              8.657703,
              49.798995
            ],
            [
              8.657631,
              49.799012
            ],
            [
              8.657893,
              49.799626
            ],
            [
              8.658063,
              49.799915
            ],
            [
              8.658339,
              49.800311
            ],
            [
              8.658605,
              49.800662
            ],
            [
              8.658844,
              49.801134
            ],
            [
              8.658776,
              49.801315
            ],
            [
              8.658771,
              49.801327
            ],
            [
              8.658751,
              49.801381
            ],
            [
              8.658944,
              49.801548
            ],
            [
              8.659376,
              49.801924
            ],
            [
              8.65964,
              49.802156
            ],
            [
              8.659931,
              49.802413
            ],
            [
              8.660312,
              49.802602
            ],
            [
              8.660934,
              49.802911
            ],
            [
              8.661217,
              49.802984
            ],
            [
              8.662059,
              49.803201
            ],
            [
              8.662114,
              49.803215
            ],
            [
              8.662233,
              49.803328
            ],
            [
              8.66279,
              49.80386
            ],
            [
              8.663072,
              49.804133
            ],
            [
              8.663484,
              49.80453
            ],
            [
              8.664463,
              49.804973
            ],
            [
              8.664902,
              49.805157
            ],
            [
              8.664929,
              49.805167
            ],
            [
              8.666639,
              49.805807
            ],
            [
              8.667514,
              49.806154
            ],
            [
              8.667792,
              49.806265
            ],
            [
              8.66827,
              49.806452
            ],
            [
              8.66877,
              49.806648
            ],
            [
              8.669467,
              49.806952
            ],
            [
              8.670319,
              49.80652
            ],
            [
              8.670558,
              49.806398
            ],
            [
              8.670676,
              49.806338
            ],
            [
              8.670738,
              49.806291
            ],
            [
              8.671059,
              49.806021
            ],
            [
              8.67107,
              49.806011
            ],
            [
              8.671306,
              49.805812
            ],
            [
              8.671307,
              49.805812
            ],
            [
              8.671416,
              49.80572
            ],
            [
              8.671644,
              49.805675
            ],
            [
              8.672825,
              49.805442
            ],
            [
              8.673657,
              49.805276
            ],
            [
              8.673752,
              49.805259
            ],
            [
              8.673811,
              49.805248
            ],
            [
              8.674777,
              49.804979
            ],
            [
              8.675344,
              49.804946
            ],
            [
              8.675421,
              49.804982
            ],
            [
              8.675429,
              49.804985
            ],
            [
              8.675862,
              49.805185
            ],
            [
              8.675917,
              49.80521
            ],
            [
              8.675933,
              49.805217
            ],
            [
              8.675935,
              49.805218
            ],
            [
              8.676485,
              49.805473
            ],
            [
              8.676572,
              49.80574
            ],
            [
              8.676717,
              49.806185
            ],
            [
              8.676728,
              49.806209
            ],
            [
              8.676746,
              49.806252
            ],
            [
              8.676806,
              49.806388
            ],
            [
              8.676941,
              49.806691
            ],
            [
              8.677146,
              49.807112
            ],
            [
              8.677183,
              49.807136
            ],
            [
              8.677303,
              49.807211
            ],
            [
              8.677393,
              49.80726
            ],
            [
              8.678142,
              49.806984
            ],
            [
              8.678116,
              49.807011
            ],
            [
              8.677965,
              49.807173
            ],
            [
              8.677675,
              49.807302
            ],
            [
              8.677555,
              49.807509
            ],
            [
              8.677006,
              49.807732
            ],
            [
              8.676767,
              49.808034
            ],
            [
              8.67607,
              49.808124
            ],
            [
              8.676004,
              49.808126
            ],
            [
              8.675934,
              49.808157
            ],
            [
              8.675635,
              49.808308
            ],
            [
              8.675584,
              49.808326
            ],
            [
              8.675578,
              49.808335
            ],
            [
              8.675499,
              49.808439
            ],
            [
              8.675402,
              49.808586
            ],
            [
              8.675148,
              49.808769
            ],
            [
              8.67487,
              49.808836
            ],
            [
              8.674514,
              49.808903
            ],
            [
              8.674326,
              49.809065
            ],
            [
              8.674292,
              49.809212
            ],
            [
              8.674141,
              49.80933
            ],
            [
              8.673317,
              49.809642
            ],
            [
              8.673316,
              49.809721
            ],
            [
              8.673281,
              49.810072
            ],
            [
              8.673372,
              49.81016
            ],
            [
              8.67326,
              49.810408
            ],
            [
              8.67322,
              49.81079
            ],
            [
              8.672927,
              49.81088
            ],
            [
              8.672705,
              49.810886
            ],
            [
              8.672434,
              49.811055
            ],
            [
              8.672251,
              49.81109
            ],
            [
              8.672224,
              49.811103
            ],
            [
              8.672215,
              49.811157
            ],
            [
              8.671701,
              49.811247
            ],
            [
              8.67109,
              49.811434
            ],
            [
              8.671071,
              49.811428
            ],
            [
              8.671041,
              49.811417
            ],
            [
              8.670957,
              49.811285
            ],
            [
              8.670784,
              49.81137
            ],
            [
              8.67053,
              49.811884
            ],
            [
              8.670089,
              49.812067
            ],
            [
              8.670021,
              49.812038
            ],
            [
              8.669905,
              49.812366
            ],
            [
              8.669649,
              49.8126
            ],
            [
              8.669386,
              49.81322
            ],
            [
              8.668915,
              49.81347
            ],
            [
              8.668944,
              49.813502
            ],
            [
              8.669079,
              49.81374
            ],
            [
              8.669092,
              49.813764
            ],
            [
              8.669147,
              49.813861
            ],
            [
              8.669351,
              49.813982
            ],
            [
              8.66942,
              49.814023
            ],
            [
              8.669609,
              49.814132
            ],
            [
              8.669719,
              49.814195
            ],
            [
              8.669853,
              49.814251
            ],
            [
              8.669948,
              49.814291
            ],
            [
              8.669994,
              49.81431
            ],
            [
              8.670138,
              49.814359
            ],
            [
              8.670314,
              49.814395
            ],
            [
              8.670398,
              49.814412
            ],
            [
              8.670559,
              49.814325
            ],
            [
              8.670748,
              49.81429
            ],
            [
              8.670799,
              49.81428
            ],
            [
              8.670881,
              49.814233
            ],
            [
              8.670948,
              49.814194
            ],
            [
              8.671045,
              49.814222
            ],
            [
              8.671145,
              49.814252
            ],
            [
              8.671243,
              49.814238
            ],
            [
              8.671414,
              49.814213
            ],
            [
              8.671449,
              49.814208
            ],
            [
              8.671435,
              49.814184
            ],
            [
              8.6714,
              49.814119
            ],
            [
              8.671499,
              49.814118
            ],
            [
              8.671906,
              49.814062
            ],
            [
              8.67212,
              49.813995
            ],
            [
              8.672317,
              49.813971
            ],
            [
              8.672469,
              49.81398
            ],
            [
              8.672538,
              49.813984
            ],
            [
              8.672777,
              49.814063
            ],
            [
              8.672857,
              49.81411
            ],
            [
              8.672787,
              49.814129
            ],
            [
              8.672812,
              49.81414
            ],
            [
              8.672899,
              49.814178
            ],
            [
              8.673027,
              49.814383
            ],
            [
              8.673097,
              49.814495
            ],
            [
              8.673118,
              49.814536
            ],
            [
              8.673188,
              49.814674
            ],
            [
              8.673186,
              49.814675
            ],
            [
              8.673183,
              49.814676
            ],
            [
              8.673285,
              49.814794
            ],
            [
              8.673361,
              49.814874
            ],
            [
              8.673561,
              49.815086
            ],
            [
              8.673579,
              49.815105
            ],
            [
              8.673604,
              49.815122
            ],
            [
              8.673613,
              49.815129
            ],
            [
              8.673845,
              49.815294
            ],
            [
              8.673849,
              49.815296
            ],
            [
              8.674247,
              49.815588
            ],
            [
              8.674423,
              49.815716
            ],
            [
              8.674868,
              49.816041
            ],
            [
              8.675543,
              49.816535
            ],
            [
              8.6756,
              49.816577
            ],
            [
              8.6759,
              49.816885
            ],
            [
              8.67638,
              49.817359
            ],
            [
              8.676511,
              49.817487
            ],
            [
              8.67742,
              49.818379
            ],
            [
              8.677508,
              49.818444
            ],
            [
              8.677604,
              49.818509
            ],
            [
              8.677706,
              49.818571
            ],
            [
              8.677811,
              49.818629
            ],
            [
              8.677922,
              49.818683
            ],
            [
              8.678036,
              49.818734
            ],
            [
              8.678155,
              49.818782
            ],
            [
              8.678278,
              49.818826
            ],
            [
              8.678266,
              49.818886
            ],
            [
              8.678277,
              49.818901
            ],
            [
              8.678301,
              49.818911
            ],
            [
              8.678505,
              49.818977
            ],
            [
              8.67906,
              49.819086
            ],
            [
              8.679798,
              49.819205
            ],
            [
              8.67949,
              49.819552
            ],
            [
              8.67953,
              49.819668
            ],
            [
              8.679459,
              49.81982
            ],
            [
              8.67941,
              49.819946
            ],
            [
              8.67924,
              49.820387
            ],
            [
              8.679454,
              49.821107
            ],
            [
              8.679596,
              49.821251
            ],
            [
              8.67917,
              49.82105
            ],
            [
              8.677578,
              49.820803
            ],
            [
              8.676463,
              49.820815
            ],
            [
              8.675756,
              49.820977
            ],
            [
              8.674469,
              49.821456
            ],
            [
              8.674053,
              49.821555
            ],
            [
              8.673455,
              49.821698
            ],
            [
              8.673392,
              49.821733
            ],
            [
              8.672781,
              49.822079
            ],
            [
              8.672322,
              49.822295
            ],
            [
              8.672301,
              49.822349
            ],
            [
              8.67215,
              49.822487
            ],
            [
              8.672133,
              49.822506
            ],
            [
              8.672178,
              49.823208
            ],
            [
              8.672081,
              49.823748
            ],
            [
              8.672069,
              49.824326
            ],
            [
              8.672048,
              49.824452
            ],
            [
              8.672038,
              49.824513
            ],
            [
              8.672021,
              49.824789
            ],
            [
              8.672019,
              49.824813
            ],
            [
              8.672138,
              49.824964
            ],
            [
              8.67236,
              49.825159
            ],
            [
              8.673198,
              49.825462
            ],
            [
              8.673861,
              49.825859
            ],
            [
              8.674179,
              49.826109
            ],
            [
              8.674497,
              49.826359
            ],
            [
              8.674431,
              49.826578
            ],
            [
              8.674222,
              49.827279
            ],
            [
              8.674214,
              49.827304
            ],
            [
              8.673434,
              49.827278
            ],
            [
              8.673201,
              49.827412
            ],
            [
              8.673098,
              49.827471
            ],
            [
              8.673028,
              49.82762
            ],
            [
              8.672846,
              49.827974
            ],
            [
              8.672928,
              49.828245
            ],
            [
              8.672832,
              49.828519
            ],
            [
              8.672568,
              49.82899
            ],
            [
              8.67255,
              49.829348
            ],
            [
              8.672542,
              49.829518
            ],
            [
              8.67233,
              49.829778
            ],
            [
              8.672304,
              49.829809
            ],
            [
              8.672209,
              49.829925
            ],
            [
              8.672786,
              49.830184
            ],
            [
              8.672852,
              49.830214
            ],
            [
              8.673158,
              49.830353
            ],
            [
              8.673382,
              49.830599
            ],
            [
              8.673415,
              49.830636
            ],
            [
              8.673433,
              49.830656
            ],
            [
              8.673451,
              49.830675
            ],
            [
              8.673702,
              49.830753
            ],
            [
              8.67374,
              49.831064
            ],
            [
              8.67341,
              49.831017
            ],
            [
              8.673344,
              49.831564
            ],
            [
              8.673336,
              49.831591
            ],
            [
              8.673319,
              49.83165
            ],
            [
              8.67331,
              49.831691
            ],
            [
              8.673296,
              49.831754
            ],
            [
              8.673285,
              49.831803
            ],
            [
              8.673274,
              49.83185
            ],
            [
              8.673246,
              49.831973
            ],
            [
              8.673232,
              49.832039
            ],
            [
              8.673215,
              49.832111
            ],
            [
              8.673203,
              49.832166
            ],
            [
              8.673197,
              49.832192
            ],
            [
              8.673189,
              49.832262
            ],
            [
              8.673181,
              49.83234
            ],
            [
              8.67317,
              49.832445
            ],
            [
              8.673159,
              49.832547
            ],
            [
              8.673115,
              49.832874
            ],
            [
              8.673108,
              49.832931
            ],
            [
              8.672843,
              49.833172
            ],
            [
              8.672767,
              49.833393
            ],
            [
              8.67275,
              49.833444
            ],
            [
              8.672615,
              49.833838
            ],
            [
              8.672568,
              49.833976
            ],
            [
              8.672532,
              49.834054
            ],
            [
              8.672507,
              49.83414
            ],
            [
              8.672489,
              49.834202
            ],
            [
              8.672854,
              49.83452
            ],
            [
              8.673022,
              49.834666
            ],
            [
              8.673292,
              49.835216
            ],
            [
              8.673637,
              49.835734
            ],
            [
              8.673808,
              49.835828
            ],
            [
              8.673895,
              49.835876
            ],
            [
              8.673897,
              49.835877
            ],
            [
              8.674397,
              49.836153
            ],
            [
              8.674558,
              49.836242
            ],
            [
              8.675201,
              49.836597
            ],
            [
              8.675365,
              49.836688
            ],
            [
              8.675452,
              49.836735
            ],
            [
              8.675538,
              49.836783
            ],
            [
              8.676491,
              49.837308
            ],
            [
              8.677448,
              49.837834
            ],
            [
              8.679338,
              49.838871
            ],
            [
              8.679448,
              49.838931
            ],
            [
              8.679641,
              49.839037
            ],
            [
              8.680101,
              49.83929
            ],
            [
              8.680186,
              49.839337
            ],
            [
              8.68097,
              49.839768
            ],
            [
              8.68182,
              49.840234
            ],
            [
              8.681927,
              49.840292
            ],
            [
              8.682891,
              49.840805
            ],
            [
              8.683585,
              49.841182
            ],
            [
              8.683819,
              49.841309
            ],
            [
              8.684109,
              49.841466
            ],
            [
              8.684741,
              49.841809
            ],
            [
              8.685152,
              49.842032
            ],
            [
              8.686066,
              49.842527
            ],
            [
              8.688054,
              49.843627
            ],
            [
              8.688565,
              49.843903
            ],
            [
              8.69059,
              49.844992
            ],
            [
              8.690659,
              49.845029
            ],
            [
              8.690677,
              49.845021
            ],
            [
              8.691472,
              49.844656
            ],
            [
              8.691702,
              49.844481
            ],
            [
              8.691749,
              49.844444
            ],
            [
              8.691806,
              49.844479
            ],
            [
              8.691959,
              49.844572
            ],
            [
              8.692071,
              49.84464
            ],
            [
              8.692101,
              49.844658
            ],
            [
              8.692222,
              49.84473
            ],
            [
              8.692245,
              49.844744
            ],
            [
              8.692275,
              49.844763
            ],
            [
              8.692376,
              49.844825
            ],
            [
              8.692389,
              49.844833
            ],
            [
              8.692432,
              49.84486
            ],
            [
              8.692475,
              49.844886
            ],
            [
              8.69251,
              49.844908
            ],
            [
              8.692565,
              49.844942
            ],
            [
              8.692582,
              49.844952
            ],
            [
              8.692669,
              49.845006
            ],
            [
              8.692708,
              49.84503
            ],
            [
              8.692735,
              49.845046
            ],
            [
              8.692744,
              49.845052
            ],
            [
              8.692753,
              49.845057
            ],
            [
              8.693053,
              49.845334
            ],
            [
              8.693482,
              49.845729
            ],
            [
              8.69388,
              49.846096
            ],
            [
              8.694338,
              49.846315
            ],
            [
              8.694388,
              49.846339
            ],
            [
              8.694677,
              49.846477
            ],
            [
              8.695178,
              49.846938
            ],
            [
              8.696241,
              49.847721
            ],
            [
              8.697356,
              49.848038
            ],
            [
              8.698873,
              49.848717
            ],
            [
              8.69964,
              49.849029
            ],
            [
              8.699645,
              49.84903
            ],
            [
              8.699649,
              49.849031
            ],
            [
              8.699805,
              49.849082
            ],
            [
              8.699823,
              49.849087
            ],
            [
              8.699828,
              49.849089
            ],
            [
              8.700123,
              49.849183
            ],
            [
              8.700666,
              49.849351
            ],
            [
              8.701815,
              49.849725
            ],
            [
              8.70288,
              49.85019
            ],
            [
              8.704377,
              49.850933
            ],
            [
              8.70448,
              49.850985
            ],
            [
              8.704992,
              49.851244
            ],
            [
              8.705491,
              49.851496
            ],
            [
              8.706196,
              49.852287
            ],
            [
              8.706201,
              49.853368
            ],
            [
              8.706513,
              49.853864
            ],
            [
              8.706614,
              49.854025
            ],
            [
              8.706622,
              49.854038
            ],
            [
              8.70676,
              49.854257
            ],
            [
              8.707023,
              49.854451
            ],
            [
              8.707267,
              49.854632
            ],
            [
              8.708463,
              49.855246
            ],
            [
              8.709006,
              49.855463
            ],
            [
              8.709585,
              49.855851
            ],
            [
              8.709996,
              49.85616
            ],
            [
              8.710056,
              49.856205
            ],
            [
              8.710719,
              49.856704
            ],
            [
              8.711666,
              49.857276
            ],
            [
              8.711729,
              49.857311
            ],
            [
              8.711945,
              49.857443
            ],
            [
              8.711957,
              49.857472
            ],
            [
              8.711971,
              49.85751
            ],
            [
              8.712034,
              49.857676
            ],
            [
              8.712035,
              49.857677
            ],
            [
              8.71233,
              49.858452
            ],
            [
              8.712537,
              49.858624
            ],
            [
              8.712586,
              49.858664
            ],
            [
              8.713048,
              49.859049
            ],
            [
              8.713263,
              49.859134
            ],
            [
              8.713803,
              49.859349
            ],
            [
              8.714307,
              49.859545
            ],
            [
              8.715669,
              49.860248
            ],
            [
              8.715941,
              49.860635
            ],
            [
              8.716463,
              49.860986
            ],
            [
              8.716515,
              49.861022
            ],
            [
              8.717039,
              49.861394
            ],
            [
              8.717249,
              49.861432
            ],
            [
              8.718578,
              49.861677
            ],
            [
              8.719921,
              49.86184
            ],
            [
              8.720644,
              49.861985
            ],
            [
              8.721784,
              49.86239
            ],
            [
              8.722674,
              49.86253
            ],
            [
              8.72398,
              49.86292
            ],
            [
              8.724027,
              49.862926
            ],
            [
              8.726393,
              49.863229
            ],
            [
              8.726574,
              49.863252
            ],
            [
              8.72674,
              49.863274
            ],
            [
              8.726995,
              49.863245
            ],
            [
              8.727013,
              49.863234
            ],
            [
              8.728551,
              49.863607
            ],
            [
              8.728531,
              49.863618
            ],
            [
              8.728891,
              49.863794
            ],
            [
              8.729118,
              49.863951
            ],
            [
              8.729309,
              49.864084
            ],
            [
              8.729522,
              49.864232
            ],
            [
              8.730155,
              49.864255
            ],
            [
              8.73019,
              49.864256
            ],
            [
              8.730601,
              49.865318
            ],
            [
              8.730708,
              49.865421
            ],
            [
              8.730751,
              49.865423
            ],
            [
              8.730907,
              49.86543
            ],
            [
              8.730912,
              49.865556
            ],
            [
              8.730915,
              49.86562
            ],
            [
              8.730917,
              49.865655
            ],
            [
              8.730939,
              49.866108
            ],
            [
              8.730949,
              49.866313
            ],
            [
              8.730959,
              49.866522
            ],
            [
              8.730972,
              49.866781
            ],
            [
              8.730987,
              49.867094
            ],
            [
              8.731015,
              49.867816
            ],
            [
              8.731019,
              49.867909
            ],
            [
              8.731031,
              49.868203
            ],
            [
              8.731032,
              49.868244
            ],
            [
              8.731005,
              49.868261
            ],
            [
              8.730668,
              49.868466
            ],
            [
              8.730178,
              49.868765
            ],
            [
              8.728999,
              49.869178
            ],
            [
              8.727869,
              49.869411
            ],
            [
              8.726985,
              49.870073
            ],
            [
              8.727544,
              49.871498
            ],
            [
              8.728258,
              49.871919
            ],
            [
              8.728279,
              49.871932
            ],
            [
              8.728288,
              49.871946
            ],
            [
              8.728575,
              49.872382
            ],
            [
              8.728844,
              49.873228
            ],
            [
              8.728889,
              49.873479
            ],
            [
              8.728887,
              49.873533
            ],
            [
              8.728875,
              49.873788
            ],
            [
              8.728858,
              49.874168
            ],
            [
              8.728832,
              49.87475
            ],
            [
              8.728757,
              49.874819
            ],
            [
              8.728729,
              49.874845
            ],
            [
              8.728626,
              49.87494
            ],
            [
              8.728503,
              49.875054
            ],
            [
              8.728362,
              49.875185
            ],
            [
              8.728316,
              49.875228
            ],
            [
              8.728281,
              49.87526
            ],
            [
              8.727316,
              49.875921
            ],
            [
              8.726976,
              49.876258
            ],
            [
              8.72587,
              49.877159
            ],
            [
              8.725945,
              49.877234
            ],
            [
              8.726089,
              49.877379
            ],
            [
              8.726405,
              49.87757
            ],
            [
              8.726715,
              49.877945
            ],
            [
              8.726933,
              49.878208
            ],
            [
              8.726974,
              49.878257
            ],
            [
              8.727102,
              49.878498
            ],
            [
              8.72711,
              49.878513
            ],
            [
              8.727288,
              49.878846
            ],
            [
              8.727,
              49.879119
            ],
            [
              8.726583,
              49.879585
            ],
            [
              8.726658,
              49.879878
            ],
            [
              8.726818,
              49.880176
            ],
            [
              8.726702,
              49.880586
            ],
            [
              8.72648,
              49.880834
            ],
            [
              8.726004,
              49.881497
            ],
            [
              8.725888,
              49.881661
            ],
            [
              8.725717,
              49.882184
            ],
            [
              8.725679,
              49.882303
            ],
            [
              8.725916,
              49.882756
            ],
            [
              8.725983,
              49.882884
            ],
            [
              8.726278,
              49.883391
            ],
            [
              8.726736,
              49.883737
            ],
            [
              8.7275,
              49.884051
            ],
            [
              8.727991,
              49.884355
            ],
            [
              8.728207,
              49.884624
            ],
            [
              8.728864,
              49.885224
            ],
            [
              8.728918,
              49.885274
            ],
            [
              8.728935,
              49.885288
            ],
            [
              8.729057,
              49.8854
            ],
            [
              8.729191,
              49.885522
            ],
            [
              8.729754,
              49.88605
            ],
            [
              8.730023,
              49.886276
            ],
            [
              8.730456,
              49.886642
            ],
            [
              8.730753,
              49.886911
            ],
            [
              8.73144,
              49.887535
            ],
            [
              8.732518,
              49.88805
            ],
            [
              8.732956,
              49.888311
            ],
            [
              8.733066,
              49.888336
            ],
            [
              8.733998,
              49.888552
            ],
            [
              8.734925,
              49.888797
            ],
            [
              8.735741,
              49.888908
            ],
            [
              8.735824,
              49.888944
            ],
            [
              8.736888,
              49.889406
            ],
            [
              8.73805,
              49.890043
            ],
            [
              8.738323,
              49.89039
            ],
            [
              8.739041,
              49.890457
            ],
            [
              8.739456,
              49.890556
            ],
            [
              8.73926,
              49.891295
            ],
            [
              8.739989,
              49.892201
            ],
            [
              8.740027,
              49.892255
            ],
            [
              8.74005,
              49.892287
            ],
            [
              8.740073,
              49.89232
            ],
            [
              8.740391,
              49.892779
            ],
            [
              8.740573,
              49.893388
            ],
            [
              8.740609,
              49.894013
            ],
            [
              8.740478,
              49.894717
            ],
            [
              8.740721,
              49.895552
            ],
            [
              8.740736,
              49.895606
            ],
            [
              8.740784,
              49.895775
            ],
            [
              8.74096,
              49.896013
            ],
            [
              8.741776,
              49.896765
            ],
            [
              8.742479,
              49.897203
            ],
            [
              8.743678,
              49.898002
            ],
            [
              8.744157,
              49.898267
            ],
            [
              8.744194,
              49.898287
            ],
            [
              8.744265,
              49.898326
            ],
            [
              8.744719,
              49.898574
            ],
            [
              8.745103,
              49.898823
            ],
            [
              8.745434,
              49.899038
            ],
            [
              8.746449,
              49.899595
            ],
            [
              8.747442,
              49.899894
            ],
            [
              8.748418,
              49.900229
            ],
            [
              8.748626,
              49.900338
            ],
            [
              8.748682,
              49.900367
            ],
            [
              8.749197,
              49.900635
            ],
            [
              8.749232,
              49.900653
            ],
            [
              8.749378,
              49.901018
            ],
            [
              8.749436,
              49.901164
            ],
            [
              8.749443,
              49.901591
            ],
            [
              8.749369,
              49.902364
            ],
            [
              8.74946,
              49.902582
            ],
            [
              8.749652,
              49.902921
            ],
            [
              8.749775,
              49.903139
            ],
            [
              8.749874,
              49.903566
            ],
            [
              8.74976,
              49.904064
            ],
            [
              8.749589,
              49.904479
            ],
            [
              8.749523,
              49.904639
            ],
            [
              8.749267,
              49.904844
            ],
            [
              8.749206,
              49.905
            ],
            [
              8.74916,
              49.905105
            ],
            [
              8.748935,
              49.905616
            ],
            [
              8.748838,
              49.90579
            ],
            [
              8.748778,
              49.905898
            ],
            [
              8.748754,
              49.90594
            ],
            [
              8.748739,
              49.905968
            ],
            [
              8.748601,
              49.906216
            ],
            [
              8.748477,
              49.906331
            ],
            [
              8.747743,
              49.907017
            ],
            [
              8.747717,
              49.907042
            ],
            [
              8.747685,
              49.907052
            ],
            [
              8.747669,
              49.907058
            ],
            [
              8.747557,
              49.907096
            ],
            [
              8.747454,
              49.90713
            ],
            [
              8.747375,
              49.907159
            ],
            [
              8.74734,
              49.90717
            ],
            [
              8.747231,
              49.907208
            ],
            [
              8.747228,
              49.907214
            ],
            [
              8.747032,
              49.907615
            ],
            [
              8.747111,
              49.90785
            ],
            [
              8.74719,
              49.908067
            ],
            [
              8.747316,
              49.908428
            ],
            [
              8.747375,
              49.908598
            ],
            [
              8.747453,
              49.908653
            ],
            [
              8.747505,
              49.90869
            ],
            [
              8.747584,
              49.908746
            ],
            [
              8.747574,
              49.908792
            ],
            [
              8.747573,
              49.908795
            ],
            [
              8.747539,
              49.908952
            ],
            [
              8.747498,
              49.909135
            ],
            [
              8.747443,
              49.909224
            ],
            [
              8.747258,
              49.909525
            ],
            [
              8.747532,
              49.909928
            ],
            [
              8.747569,
              49.910006
            ],
            [
              8.747685,
              49.910157
            ],
            [
              8.747723,
              49.910206
            ],
            [
              8.74788,
              49.910486
            ],
            [
              8.747623,
              49.910682
            ],
            [
              8.747566,
              49.911051
            ],
            [
              8.747283,
              49.911242
            ],
            [
              8.746794,
              49.911833
            ],
            [
              8.746436,
              49.912003
            ],
            [
              8.745939,
              49.912027
            ],
            [
              8.745942,
              49.912036
            ],
            [
              8.745748,
              49.912055
            ],
            [
              8.745602,
              49.912307
            ],
            [
              8.745558,
              49.912382
            ],
            [
              8.745286,
              49.91261
            ],
            [
              8.745156,
              49.912939
            ],
            [
              8.744584,
              49.913062
            ],
            [
              8.744446,
              49.913154
            ],
            [
              8.744133,
              49.913364
            ],
            [
              8.744302,
              49.913635
            ],
            [
              8.744277,
              49.913671
            ],
            [
              8.744226,
              49.913743
            ],
            [
              8.744124,
              49.913887
            ],
            [
              8.743968,
              49.914106
            ],
            [
              8.743944,
              49.914141
            ],
            [
              8.743564,
              49.914215
            ],
            [
              8.743211,
              49.914344
            ],
            [
              8.743132,
              49.914378
            ],
            [
              8.743077,
              49.91439
            ],
            [
              8.742758,
              49.914459
            ],
            [
              8.742728,
              49.914508
            ],
            [
              8.742464,
              49.914945
            ],
            [
              8.742443,
              49.914979
            ],
            [
              8.742216,
              49.915097
            ],
            [
              8.74216,
              49.915127
            ],
            [
              8.742086,
              49.915168
            ],
            [
              8.741986,
              49.91522
            ],
            [
              8.741808,
              49.915262
            ],
            [
              8.741766,
              49.915271
            ],
            [
              8.741761,
              49.915272
            ],
            [
              8.74172,
              49.915266
            ],
            [
              8.741531,
              49.915232
            ],
            [
              8.741336,
              49.915335
            ],
            [
              8.741326,
              49.915339
            ],
            [
              8.741322,
              49.91534
            ],
            [
              8.741286,
              49.915354
            ],
            [
              8.741232,
              49.915375
            ],
            [
              8.741229,
              49.915376
            ],
            [
              8.741222,
              49.915379
            ],
            [
              8.740946,
              49.915486
            ],
            [
              8.740992,
              49.915595
            ],
            [
              8.740995,
              49.915604
            ],
            [
              8.741014,
              49.915613
            ],
            [
              8.740914,
              49.915692
            ],
            [
              8.740662,
              49.915892
            ],
            [
              8.740606,
              49.915804
            ],
            [
              8.740585,
              49.91577
            ],
            [
              8.740518,
              49.915664
            ],
            [
              8.740456,
              49.91577
            ],
            [
              8.740441,
              49.915796
            ],
            [
              8.7404,
              49.915867
            ],
            [
              8.740018,
              49.916035
            ],
            [
              8.739671,
              49.916317
            ],
            [
              8.739166,
              49.916641
            ],
            [
              8.739135,
              49.916827
            ],
            [
              8.739162,
              49.916964
            ],
            [
              8.739159,
              49.917026
            ],
            [
              8.739158,
              49.917043
            ],
            [
              8.739155,
              49.917098
            ],
            [
              8.739148,
              49.917223
            ],
            [
              8.739139,
              49.917405
            ],
            [
              8.739078,
              49.917435
            ],
            [
              8.738814,
              49.917567
            ],
            [
              8.738772,
              49.917763
            ],
            [
              8.738656,
              49.917813
            ],
            [
              8.73843,
              49.91791
            ],
            [
              8.738217,
              49.918067
            ],
            [
              8.737903,
              49.918364
            ],
            [
              8.737895,
              49.918373
            ],
            [
              8.737583,
              49.918592
            ],
            [
              8.7376,
              49.918725
            ],
            [
              8.737697,
              49.918969
            ],
            [
              8.738096,
              49.919037
            ],
            [
              8.738209,
              49.919096
            ],
            [
              8.738266,
              49.919126
            ],
            [
              8.738311,
              49.91915
            ],
            [
              8.738477,
              49.919241
            ],
            [
              8.739054,
              49.919254
            ],
            [
              8.739697,
              49.919442
            ],
            [
              8.740359,
              49.91955
            ],
            [
              8.741129,
              49.919589
            ],
            [
              8.741135,
              49.919634
            ],
            [
              8.74114,
              49.919679
            ],
            [
              8.741173,
              49.919935
            ],
            [
              8.741223,
              49.920077
            ],
            [
              8.741525,
              49.920932
            ],
            [
              8.74153,
              49.920974
            ],
            [
              8.741534,
              49.921011
            ],
            [
              8.741559,
              49.92123
            ],
            [
              8.741561,
              49.921244
            ],
            [
              8.741572,
              49.92134
            ],
            [
              8.741577,
              49.921395
            ],
            [
              8.741628,
              49.921827
            ],
            [
              8.741631,
              49.921857
            ],
            [
              8.741735,
              49.922767
            ],
            [
              8.741739,
              49.922802
            ],
            [
              8.741457,
              49.922903
            ],
            [
              8.741339,
              49.922945
            ],
            [
              8.741298,
              49.923025
            ],
            [
              8.741299,
              49.92303
            ],
            [
              8.74134,
              49.923356
            ],
            [
              8.741288,
              49.923555
            ],
            [
              8.741217,
              49.92383
            ],
            [
              8.741154,
              49.924072
            ],
            [
              8.741134,
              49.924152
            ],
            [
              8.741136,
              49.924188
            ],
            [
              8.741162,
              49.924702
            ],
            [
              8.7412,
              49.925423
            ],
            [
              8.741197,
              49.925451
            ],
            [
              8.742289,
              49.92545
            ],
            [
              8.742344,
              49.92545
            ],
            [
              8.742234,
              49.926223
            ],
            [
              8.742152,
              49.92667
            ],
            [
              8.742016,
              49.927107
            ],
            [
              8.741833,
              49.927502
            ],
            [
              8.741566,
              49.927915
            ],
            [
              8.741363,
              49.928147
            ],
            [
              8.741306,
              49.92822
            ],
            [
              8.741115,
              49.928462
            ],
            [
              8.741092,
              49.928484
            ],
            [
              8.740843,
              49.928724
            ],
            [
              8.740521,
              49.928965
            ],
            [
              8.739957,
              49.92941
            ],
            [
              8.739149,
              49.929895
            ],
            [
              8.739107,
              49.92992
            ],
            [
              8.737716,
              49.930714
            ],
            [
              8.737075,
              49.931039
            ],
            [
              8.735575,
              49.931726
            ],
            [
              8.73551,
              49.931756
            ],
            [
              8.734995,
              49.931988
            ],
            [
              8.73443,
              49.9322
            ],
            [
              8.733356,
              49.932591
            ],
            [
              8.732333,
              49.932963
            ],
            [
              8.732165,
              49.933016
            ],
            [
              8.731979,
              49.933074
            ],
            [
              8.731961,
              49.93308
            ],
            [
              8.731699,
              49.933021
            ],
            [
              8.731682,
              49.933017
            ],
            [
              8.731642,
              49.933008
            ],
            [
              8.731564,
              49.932991
            ],
            [
              8.731545,
              49.932987
            ],
            [
              8.731321,
              49.93306
            ],
            [
              8.731343,
              49.933208
            ],
            [
              8.731345,
              49.933218
            ],
            [
              8.731351,
              49.933257
            ],
            [
              8.731369,
              49.933308
            ],
            [
              8.731376,
              49.933327
            ],
            [
              8.731379,
              49.933335
            ],
            [
              8.73139,
              49.933366
            ],
            [
              8.731531,
              49.933534
            ],
            [
              8.731624,
              49.933737
            ],
            [
              8.731826,
              49.934177
            ],
            [
              8.732141,
              49.934947
            ],
            [
              8.732192,
              49.935078
            ],
            [
              8.73223,
              49.935175
            ],
            [
              8.732256,
              49.935243
            ],
            [
              8.73241,
              49.935642
            ],
            [
              8.73266,
              49.936267
            ],
            [
              8.732711,
              49.936397
            ],
            [
              8.732741,
              49.93646
            ],
            [
              8.733099,
              49.937217
            ],
            [
              8.733314,
              49.937677
            ],
            [
              8.733552,
              49.938107
            ],
            [
              8.733727,
              49.938362
            ],
            [
              8.733711,
              49.938423
            ],
            [
              8.733495,
              49.939207
            ],
            [
              8.733426,
              49.939555
            ],
            [
              8.733419,
              49.939592
            ],
            [
              8.733331,
              49.940038
            ],
            [
              8.733323,
              49.940078
            ],
            [
              8.733306,
              49.940208
            ],
            [
              8.733264,
              49.940537
            ],
            [
              8.733021,
              49.941084
            ],
            [
              8.732453,
              49.942084
            ],
            [
              8.732508,
              49.94209
            ],
            [
              8.734964,
              49.942333
            ],
            [
              8.735038,
              49.942372
            ],
            [
              8.735295,
              49.942834
            ],
            [
              8.735452,
              49.943374
            ],
            [
              8.735415,
              49.943904
            ],
            [
              8.73541,
              49.943968
            ],
            [
              8.735329,
              49.9448
            ],
            [
              8.735326,
              49.944836
            ],
            [
              8.735261,
              49.94516
            ],
            [
              8.735236,
              49.945284
            ],
            [
              8.735168,
              49.945675
            ],
            [
              8.735161,
              49.94571
            ],
            [
              8.735072,
              49.946108
            ],
            [
              8.734987,
              49.946473
            ],
            [
              8.73497,
              49.946547
            ],
            [
              8.73426,
              49.947574
            ],
            [
              8.734043,
              49.948032
            ],
            [
              8.734026,
              49.948067
            ],
            [
              8.734376,
              49.948282
            ],
            [
              8.734374,
              49.948314
            ],
            [
              8.734288,
              49.94967
            ],
            [
              8.734285,
              49.949718
            ],
            [
              8.734257,
              49.95014
            ],
            [
              8.734219,
              49.950204
            ],
            [
              8.733967,
              49.950401
            ],
            [
              8.733023,
              49.951135
            ],
            [
              8.732524,
              49.951524
            ],
            [
              8.732478,
              49.951591
            ],
            [
              8.732449,
              49.951632
            ],
            [
              8.732404,
              49.951791
            ],
            [
              8.73229,
              49.95219
            ],
            [
              8.732204,
              49.952266
            ],
            [
              8.731847,
              49.952585
            ],
            [
              8.73179,
              49.952637
            ],
            [
              8.731731,
              49.952689
            ],
            [
              8.73169,
              49.952726
            ],
            [
              8.731307,
              49.952761
            ],
            [
              8.7311,
              49.95278
            ],
            [
              8.730867,
              49.952794
            ],
            [
              8.730455,
              49.952817
            ],
            [
              8.730276,
              49.952806
            ],
            [
              8.729793,
              49.952779
            ],
            [
              8.72933,
              49.95309
            ],
            [
              8.729198,
              49.95318
            ],
            [
              8.728754,
              49.953247
            ],
            [
              8.728208,
              49.95333
            ],
            [
              8.72797,
              49.953396
            ],
            [
              8.727693,
              49.953473
            ],
            [
              8.727142,
              49.953415
            ],
            [
              8.726603,
              49.953656
            ],
            [
              8.726273,
              49.953804
            ],
            [
              8.725567,
              49.953447
            ],
            [
              8.725503,
              49.953494
            ],
            [
              8.725274,
              49.953334
            ],
            [
              8.724651,
              49.953435
            ],
            [
              8.724666,
              49.953421
            ],
            [
              8.724649,
              49.953324
            ],
            [
              8.724441,
              49.953336
            ],
            [
              8.724342,
              49.953307
            ],
            [
              8.724216,
              49.95328
            ],
            [
              8.724078,
              49.95308
            ],
            [
              8.723879,
              49.953111
            ],
            [
              8.723808,
              49.953149
            ],
            [
              8.723737,
              49.95311
            ],
            [
              8.72362,
              49.95306
            ],
            [
              8.723599,
              49.952948
            ],
            [
              8.723371,
              49.952716
            ],
            [
              8.723499,
              49.952687
            ],
            [
              8.723432,
              49.952578
            ],
            [
              8.723394,
              49.952515
            ],
            [
              8.723303,
              49.952484
            ],
            [
              8.723153,
              49.952502
            ],
            [
              8.723059,
              49.952587
            ],
            [
              8.722795,
              49.952591
            ],
            [
              8.722742,
              49.952491
            ],
            [
              8.722611,
              49.95243
            ],
            [
              8.722698,
              49.95239
            ],
            [
              8.722834,
              49.95241
            ],
            [
              8.722961,
              49.952316
            ],
            [
              8.722962,
              49.952286
            ],
            [
              8.722885,
              49.952284
            ],
            [
              8.722874,
              49.952236
            ],
            [
              8.722871,
              49.952156
            ],
            [
              8.72291,
              49.952096
            ],
            [
              8.722852,
              49.952051
            ],
            [
              8.722613,
              49.951932
            ],
            [
              8.722517,
              49.951984
            ],
            [
              8.722436,
              49.951926
            ],
            [
              8.72248,
              49.951815
            ],
            [
              8.722406,
              49.951764
            ],
            [
              8.722292,
              49.951736
            ],
            [
              8.722306,
              49.951645
            ],
            [
              8.722186,
              49.951622
            ],
            [
              8.722118,
              49.951703
            ],
            [
              8.722148,
              49.951769
            ],
            [
              8.722066,
              49.951827
            ],
            [
              8.722012,
              49.95184
            ],
            [
              8.721891,
              49.951796
            ],
            [
              8.721736,
              49.951862
            ],
            [
              8.721793,
              49.951925
            ],
            [
              8.72204,
              49.951969
            ],
            [
              8.722024,
              49.952025
            ],
            [
              8.7219,
              49.952026
            ],
            [
              8.721753,
              49.952112
            ],
            [
              8.721723,
              49.952146
            ],
            [
              8.721639,
              49.952156
            ],
            [
              8.721552,
              49.952132
            ],
            [
              8.721496,
              49.952186
            ],
            [
              8.72157,
              49.952279
            ],
            [
              8.721459,
              49.952402
            ],
            [
              8.721269,
              49.9523
            ],
            [
              8.721225,
              49.952235
            ],
            [
              8.721103,
              49.952213
            ],
            [
              8.721058,
              49.952224
            ],
            [
              8.72097,
              49.952378
            ],
            [
              8.72095,
              49.952415
            ],
            [
              8.720655,
              49.952501
            ],
            [
              8.720522,
              49.952381
            ],
            [
              8.72032,
              49.95247
            ],
            [
              8.7203,
              49.952543
            ],
            [
              8.720129,
              49.952585
            ],
            [
              8.71813,
              49.952481
            ],
            [
              8.715833,
              49.951296
            ],
            [
              8.715498,
              49.951081
            ],
            [
              8.715499,
              49.95107
            ],
            [
              8.715372,
              49.951022
            ],
            [
              8.715319,
              49.951002
            ],
            [
              8.71508,
              49.950913
            ],
            [
              8.714868,
              49.95113
            ],
            [
              8.714585,
              49.951136
            ],
            [
              8.713662,
              49.950904
            ],
            [
              8.713349,
              49.950873
            ],
            [
              8.713143,
              49.950995
            ],
            [
              8.712901,
              49.950948
            ],
            [
              8.712835,
              49.950936
            ],
            [
              8.712831,
              49.950935
            ],
            [
              8.71259,
              49.950959
            ],
            [
              8.71194,
              49.951024
            ],
            [
              8.711834,
              49.951063
            ],
            [
              8.711765,
              49.951089
            ],
            [
              8.71172,
              49.951106
            ],
            [
              8.711441,
              49.951244
            ],
            [
              8.710839,
              49.951096
            ],
            [
              8.710807,
              49.950973
            ],
            [
              8.7096,
              49.950535
            ],
            [
              8.709466,
              49.950486
            ],
            [
              8.709291,
              49.950528
            ],
            [
              8.708421,
              49.950272
            ],
            [
              8.708354,
              49.950252
            ],
            [
              8.708344,
              49.950249
            ],
            [
              8.707626,
              49.950038
            ],
            [
              8.707499,
              49.950161
            ],
            [
              8.70714,
              49.950302
            ],
            [
              8.706824,
              49.950284
            ],
            [
              8.706586,
              49.950182
            ],
            [
              8.706314,
              49.949867
            ],
            [
              8.706086,
              49.949708
            ],
            [
              8.705254,
              49.949867
            ],
            [
              8.704394,
              49.950278
            ],
            [
              8.704098,
              49.950296
            ],
            [
              8.704082,
              49.950298
            ],
            [
              8.704023,
              49.950301
            ],
            [
              8.702771,
              49.949887
            ],
            [
              8.702015,
              49.949978
            ],
            [
              8.70166,
              49.95024
            ],
            [
              8.701248,
              49.950323
            ],
            [
              8.701223,
              49.950427
            ],
            [
              8.700806,
              49.950239
            ],
            [
              8.700693,
              49.950029
            ],
            [
              8.700462,
              49.949995
            ],
            [
              8.699993,
              49.950104
            ],
            [
              8.699586,
              49.949934
            ],
            [
              8.699653,
              49.949681
            ],
            [
              8.699608,
              49.949386
            ],
            [
              8.699417,
              49.94919
            ],
            [
              8.698529,
              49.949424
            ],
            [
              8.698032,
              49.949402
            ],
            [
              8.697843,
              49.949452
            ],
            [
              8.697748,
              49.949478
            ],
            [
              8.69759,
              49.94952
            ],
            [
              8.697497,
              49.949544
            ],
            [
              8.69738,
              49.949576
            ],
            [
              8.696582,
              49.949434
            ],
            [
              8.696036,
              49.949337
            ],
            [
              8.695792,
              49.94923
            ],
            [
              8.695654,
              49.949246
            ],
            [
              8.695586,
              49.949254
            ],
            [
              8.695458,
              49.949269
            ],
            [
              8.69539,
              49.949277
            ],
            [
              8.695358,
              49.94928
            ],
            [
              8.695333,
              49.949283
            ],
            [
              8.695287,
              49.949286
            ],
            [
              8.695112,
              49.949286
            ],
            [
              8.694602,
              49.949072
            ],
            [
              8.694158,
              49.949036
            ],
            [
              8.693919,
              49.948842
            ],
            [
              8.693711,
              49.948712
            ],
            [
              8.693686,
              49.948674
            ],
            [
              8.693519,
              49.948423
            ],
            [
              8.69326,
              49.948286
            ],
            [
              8.693015,
              49.948276
            ],
            [
              8.69241,
              49.948191
            ],
            [
              8.692224,
              49.948178
            ],
            [
              8.692135,
              49.948171
            ],
            [
              8.692058,
              49.948165
            ],
            [
              8.692053,
              49.94821
            ],
            [
              8.692047,
              49.948267
            ],
            [
              8.691961,
              49.948274
            ],
            [
              8.691539,
              49.948307
            ],
            [
              8.690281,
              49.948349
            ],
            [
              8.690122,
              49.948294
            ],
            [
              8.690104,
              49.948422
            ],
            [
              8.689882,
              49.948362
            ],
            [
              8.689825,
              49.948532
            ],
            [
              8.689446,
              49.948592
            ],
            [
              8.689041,
              49.948808
            ],
            [
              8.688774,
              49.948643
            ],
            [
              8.688526,
              49.948751
            ],
            [
              8.688268,
              49.94875
            ],
            [
              8.687544,
              49.948381
            ],
            [
              8.687555,
              49.948315
            ],
            [
              8.687205,
              49.94835
            ],
            [
              8.686965,
              49.948403
            ],
            [
              8.68668,
              49.948325
            ],
            [
              8.686471,
              49.948416
            ],
            [
              8.686494,
              49.948481
            ],
            [
              8.686284,
              49.948537
            ],
            [
              8.686136,
              49.948479
            ],
            [
              8.685836,
              49.948482
            ],
            [
              8.685743,
              49.948483
            ],
            [
              8.685726,
              49.948559
            ],
            [
              8.685504,
              49.948582
            ],
            [
              8.685431,
              49.948634
            ],
            [
              8.685338,
              49.948534
            ],
            [
              8.685117,
              49.948647
            ],
            [
              8.685352,
              49.94879
            ],
            [
              8.685143,
              49.948818
            ],
            [
              8.685078,
              49.949091
            ],
            [
              8.6849,
              49.949026
            ],
            [
              8.68478,
              49.9491
            ],
            [
              8.684909,
              49.949285
            ],
            [
              8.684896,
              49.949341
            ],
            [
              8.684864,
              49.949474
            ],
            [
              8.684603,
              49.949752
            ],
            [
              8.684095,
              49.949909
            ],
            [
              8.684006,
              49.949894
            ],
            [
              8.683903,
              49.94998
            ],
            [
              8.683532,
              49.949982
            ],
            [
              8.68334,
              49.949938
            ],
            [
              8.683177,
              49.949954
            ],
            [
              8.683114,
              49.949843
            ],
            [
              8.682985,
              49.949792
            ],
            [
              8.682803,
              49.949976
            ],
            [
              8.682585,
              49.949934
            ],
            [
              8.682233,
              49.950094
            ],
            [
              8.681536,
              49.950205
            ],
            [
              8.68146,
              49.950218
            ],
            [
              8.677769,
              49.950824
            ],
            [
              8.677127,
              49.950865
            ],
            [
              8.677171,
              49.951115
            ],
            [
              8.677174,
              49.951134
            ],
            [
              8.677183,
              49.951181
            ],
            [
              8.675195,
              49.951379
            ],
            [
              8.674324,
              49.951486
            ],
            [
              8.673422,
              49.951596
            ],
            [
              8.672449,
              49.951818
            ],
            [
              8.672421,
              49.951775
            ],
            [
              8.672302,
              49.951596
            ],
            [
              8.672169,
              49.951411
            ],
            [
              8.67139,
              49.950326
            ],
            [
              8.670658,
              49.949304
            ],
            [
              8.670605,
              49.949319
            ],
            [
              8.670351,
              49.949395
            ],
            [
              8.669839,
              49.948684
            ],
            [
              8.669815,
              49.948651
            ],
            [
              8.669701,
              49.948492
            ],
            [
              8.669615,
              49.948373
            ],
            [
              8.669593,
              49.948342
            ],
            [
              8.668877,
              49.947352
            ],
            [
              8.668148,
              49.946328
            ],
            [
              8.655017,
              49.944029
            ],
            [
              8.655019,
              49.944368
            ],
            [
              8.653755,
              49.944594
            ],
            [
              8.651352,
              49.944374
            ],
            [
              8.651431,
              49.945236
            ],
            [
              8.650393,
              49.94539
            ],
            [
              8.650352,
              49.945396
            ],
            [
              8.650296,
              49.945396
            ],
            [
              8.64981,
              49.945393
            ],
            [
              8.649649,
              49.945392
            ],
            [
              8.64959,
              49.945373
            ],
            [
              8.646218,
              49.944282
            ],
            [
              8.646169,
              49.944266
            ],
            [
              8.646123,
              49.944221
            ],
            [
              8.646052,
              49.944153
            ],
            [
              8.645342,
              49.944188
            ],
            [
              8.645165,
              49.944533
            ],
            [
              8.645147,
              49.944567
            ],
            [
              8.645092,
              49.94456
            ],
            [
              8.644575,
              49.944494
            ],
            [
              8.644012,
              49.944423
            ],
            [
              8.643599,
              49.94437
            ],
            [
              8.643144,
              49.944312
            ],
            [
              8.643093,
              49.944306
            ],
            [
              8.643018,
              49.944297
            ],
            [
              8.642565,
              49.944239
            ],
            [
              8.642094,
              49.944179
            ],
            [
              8.641227,
              49.944069
            ],
            [
              8.641027,
              49.943981
            ],
            [
              8.640982,
              49.943939
            ],
            [
              8.640554,
              49.943537
            ],
            [
              8.640384,
              49.943569
            ],
            [
              8.640079,
              49.943578
            ],
            [
              8.639879,
              49.943583
            ],
            [
              8.63982,
              49.94359
            ],
            [
              8.639598,
              49.943618
            ],
            [
              8.639542,
              49.943626
            ],
            [
              8.637437,
              49.943929
            ],
            [
              8.637364,
              49.943939
            ],
            [
              8.637308,
              49.943947
            ],
            [
              8.636983,
              49.943995
            ],
            [
              8.636714,
              49.944034
            ],
            [
              8.636208,
              49.944106
            ],
            [
              8.635979,
              49.94414
            ],
            [
              8.634574,
              49.944342
            ],
            [
              8.63452,
              49.94435
            ],
            [
              8.634127,
              49.944407
            ],
            [
              8.633712,
              49.944466
            ],
            [
              8.633407,
              49.94451
            ],
            [
              8.633353,
              49.944518
            ],
            [
              8.63331,
              49.944524
            ],
            [
              8.633298,
              49.944526
            ],
            [
              8.633248,
              49.944533
            ],
            [
              8.632968,
              49.94384
            ],
            [
              8.63286,
              49.943858
            ],
            [
              8.63282,
              49.94385
            ],
            [
              8.632801,
              49.943846
            ],
            [
              8.632709,
              49.943826
            ],
            [
              8.631331,
              49.943531
            ],
            [
              8.63073,
              49.943511
            ],
            [
              8.629508,
              49.944018
            ],
            [
              8.629129,
              49.944176
            ],
            [
              8.629099,
              49.944145
            ],
            [
              8.628961,
              49.943301
            ],
            [
              8.628955,
              49.943264
            ],
            [
              8.62895,
              49.943236
            ],
            [
              8.628944,
              49.943199
            ],
            [
              8.628806,
              49.942357
            ],
            [
              8.628798,
              49.942311
            ],
            [
              8.627072,
              49.942127
            ],
            [
              8.627152,
              49.940395
            ],
            [
              8.627229,
              49.938768
            ],
            [
              8.628948,
              49.938988
            ],
            [
              8.629329,
              49.939037
            ],
            [
              8.629388,
              49.939045
            ],
            [
              8.63039,
              49.939174
            ],
            [
              8.631156,
              49.939272
            ],
            [
              8.631163,
              49.939241
            ],
            [
              8.631164,
              49.939236
            ],
            [
              8.63136,
              49.938333
            ],
            [
              8.631385,
              49.938216
            ],
            [
              8.631615,
              49.937164
            ],
            [
              8.631777,
              49.937148
            ],
            [
              8.631959,
              49.937131
            ],
            [
              8.631945,
              49.937005
            ],
            [
              8.631936,
              49.936923
            ],
            [
              8.631888,
              49.936556
            ],
            [
              8.631805,
              49.936127
            ],
            [
              8.631738,
              49.93594
            ],
            [
              8.631614,
              49.935707
            ],
            [
              8.631488,
              49.935517
            ],
            [
              8.631312,
              49.935317
            ],
            [
              8.630962,
              49.935002
            ],
            [
              8.630796,
              49.934968
            ],
            [
              8.630708,
              49.934882
            ],
            [
              8.630528,
              49.934726
            ],
            [
              8.630101,
              49.934475
            ],
            [
              8.629821,
              49.934285
            ],
            [
              8.629433,
              49.934002
            ],
            [
              8.629378,
              49.933856
            ],
            [
              8.62928,
              49.933742
            ],
            [
              8.629207,
              49.933539
            ],
            [
              8.629123,
              49.933283
            ],
            [
              8.629066,
              49.933052
            ],
            [
              8.629042,
              49.932952
            ],
            [
              8.629015,
              49.932616
            ],
            [
              8.629012,
              49.932571
            ],
            [
              8.628987,
              49.932579
            ],
            [
              8.626915,
              49.93254
            ],
            [
              8.626745,
              49.932536
            ],
            [
              8.623915,
              49.932482
            ],
            [
              8.623857,
              49.932446
            ],
            [
              8.623809,
              49.931773
            ],
            [
              8.623805,
              49.931725
            ],
            [
              8.623784,
              49.931428
            ],
            [
              8.623771,
              49.931245
            ],
            [
              8.623762,
              49.931118
            ],
            [
              8.623731,
              49.930672
            ],
            [
              8.623729,
              49.930646
            ],
            [
              8.623674,
              49.930647
            ],
            [
              8.623667,
              49.93056
            ],
            [
              8.623665,
              49.930532
            ],
            [
              8.624123,
              49.93052
            ],
            [
              8.62415,
              49.93052
            ],
            [
              8.624178,
              49.930519
            ],
            [
              8.624171,
              49.93038
            ],
            [
              8.624166,
              49.930266
            ],
            [
              8.624162,
              49.9302
            ],
            [
              8.624158,
              49.930098
            ],
            [
              8.624153,
              49.93001
            ],
            [
              8.624145,
              49.929843
            ],
            [
              8.624142,
              49.929789
            ],
            [
              8.624139,
              49.929719
            ],
            [
              8.624133,
              49.929592
            ],
            [
              8.624122,
              49.929358
            ],
            [
              8.62412,
              49.929317
            ],
            [
              8.624116,
              49.929245
            ],
            [
              8.62409,
              49.928725
            ],
            [
              8.624082,
              49.92855
            ],
            [
              8.62406,
              49.928106
            ],
            [
              8.624059,
              49.928072
            ],
            [
              8.624103,
              49.927963
            ],
            [
              8.624265,
              49.927755
            ],
            [
              8.624459,
              49.927506
            ],
            [
              8.624431,
              49.9274
            ],
            [
              8.624134,
              49.926242
            ],
            [
              8.624178,
              49.926191
            ],
            [
              8.624433,
              49.926118
            ],
            [
              8.624575,
              49.926077
            ],
            [
              8.62492,
              49.925978
            ],
            [
              8.62516,
              49.92591
            ],
            [
              8.625431,
              49.925832
            ],
            [
              8.625482,
              49.925818
            ],
            [
              8.625586,
              49.925788
            ],
            [
              8.625774,
              49.925734
            ],
            [
              8.626474,
              49.925534
            ],
            [
              8.626659,
              49.925482
            ],
            [
              8.627177,
              49.925334
            ],
            [
              8.627253,
              49.925312
            ],
            [
              8.627272,
              49.925289
            ],
            [
              8.627192,
              49.925243
            ],
            [
              8.626617,
              49.924003
            ],
            [
              8.62658,
              49.923924
            ],
            [
              8.62656,
              49.923881
            ],
            [
              8.626299,
              49.923318
            ],
            [
              8.626253,
              49.923196
            ],
            [
              8.625792,
              49.921221
            ],
            [
              8.625758,
              49.921079
            ],
            [
              8.625475,
              49.919866
            ],
            [
              8.625431,
              49.919735
            ],
            [
              8.625417,
              49.919668
            ],
            [
              8.625403,
              49.9196
            ],
            [
              8.625375,
              49.91947
            ],
            [
              8.625361,
              49.919401
            ],
            [
              8.625344,
              49.91932
            ],
            [
              8.625313,
              49.919175
            ],
            [
              8.625298,
              49.919106
            ],
            [
              8.625256,
              49.918904
            ],
            [
              8.625235,
              49.918807
            ],
            [
              8.62521,
              49.918686
            ],
            [
              8.625184,
              49.918563
            ],
            [
              8.625158,
              49.918439
            ],
            [
              8.625157,
              49.918435
            ],
            [
              8.62513,
              49.918308
            ],
            [
              8.625123,
              49.918276
            ],
            [
              8.625094,
              49.918142
            ],
            [
              8.625088,
              49.918111
            ],
            [
              8.625112,
              49.91802
            ],
            [
              8.625221,
              49.917601
            ],
            [
              8.625427,
              49.91681
            ],
            [
              8.625444,
              49.916748
            ],
            [
              8.625461,
              49.916686
            ],
            [
              8.625397,
              49.916713
            ],
            [
              8.622908,
              49.916318
            ],
            [
              8.620828,
              49.916022
            ],
            [
              8.6189,
              49.915766
            ],
            [
              8.618895,
              49.913391
            ],
            [
              8.618895,
              49.913328
            ],
            [
              8.618895,
              49.913313
            ],
            [
              8.618896,
              49.913303
            ],
            [
              8.618902,
              49.913254
            ],
            [
              8.618904,
              49.913234
            ],
            [
              8.618972,
              49.912605
            ],
            [
              8.618974,
              49.912578
            ],
            [
              8.620085,
              49.912865
            ],
            [
              8.621073,
              49.913048
            ],
            [
              8.622511,
              49.91331
            ],
            [
              8.622506,
              49.913336
            ],
            [
              8.622382,
              49.913951
            ],
            [
              8.622379,
              49.913964
            ],
            [
              8.62322,
              49.914152
            ],
            [
              8.624026,
              49.914333
            ],
            [
              8.624174,
              49.914366
            ],
            [
              8.624178,
              49.914357
            ],
            [
              8.624526,
              49.913699
            ],
            [
              8.624538,
              49.913677
            ],
            [
              8.625083,
              49.913795
            ],
            [
              8.625258,
              49.912817
            ],
            [
              8.625398,
              49.912069
            ],
            [
              8.626032,
              49.911276
            ],
            [
              8.626051,
              49.911252
            ],
            [
              8.62799,
              49.91095
            ],
            [
              8.628088,
              49.910932
            ],
            [
              8.628123,
              49.910839
            ],
            [
              8.628264,
              49.910797
            ],
            [
              8.628432,
              49.910748
            ],
            [
              8.630603,
              49.910118
            ],
            [
              8.630472,
              49.909844
            ],
            [
              8.630457,
              49.909809
            ],
            [
              8.630098,
              49.908986
            ],
            [
              8.629799,
              49.908297
            ],
            [
              8.629769,
              49.908227
            ],
            [
              8.629618,
              49.90788
            ],
            [
              8.629282,
              49.90756
            ],
            [
              8.629271,
              49.90755
            ],
            [
              8.629233,
              49.907514
            ],
            [
              8.628683,
              49.906991
            ],
            [
              8.628068,
              49.906455
            ],
            [
              8.628152,
              49.906049
            ],
            [
              8.628159,
              49.906018
            ],
            [
              8.628179,
              49.905922
            ],
            [
              8.628148,
              49.905839
            ],
            [
              8.627672,
              49.904564
            ],
            [
              8.627192,
              49.903275
            ],
            [
              8.62721,
              49.902848
            ],
            [
              8.627226,
              49.902481
            ],
            [
              8.628776,
              49.901836
            ],
            [
              8.628973,
              49.901814
            ],
            [
              8.629161,
              49.901794
            ],
            [
              8.629245,
              49.901785
            ],
            [
              8.630295,
              49.901671
            ],
            [
              8.631404,
              49.901131
            ],
            [
              8.631995,
              49.900494
            ],
            [
              8.632131,
              49.900249
            ],
            [
              8.632319,
              49.899908
            ],
            [
              8.632441,
              49.899689
            ],
            [
              8.632459,
              49.899655
            ],
            [
              8.63248,
              49.899618
            ],
            [
              8.632503,
              49.899577
            ],
            [
              8.633416,
              49.899088
            ],
            [
              8.634208,
              49.89881
            ],
            [
              8.634272,
              49.898787
            ],
            [
              8.634279,
              49.898785
            ],
            [
              8.634714,
              49.898632
            ],
            [
              8.634968,
              49.89812
            ],
            [
              8.633784,
              49.897162
            ],
            [
              8.633542,
              49.896846
            ],
            [
              8.633444,
              49.896719
            ],
            [
              8.633419,
              49.896686
            ],
            [
              8.63299,
              49.896126
            ],
            [
              8.632959,
              49.896087
            ],
            [
              8.632417,
              49.895935
            ],
            [
              8.631754,
              49.895676
            ],
            [
              8.631354,
              49.895525
            ],
            [
              8.630892,
              49.89535
            ],
            [
              8.630762,
              49.8953
            ],
            [
              8.630574,
              49.895229
            ],
            [
              8.630377,
              49.895184
            ],
            [
              8.629399,
              49.894962
            ],
            [
              8.627714,
              49.89458
            ],
            [
              8.62585,
              49.894126
            ],
            [
              8.62576,
              49.894104
            ],
            [
              8.625306,
              49.893993
            ],
            [
              8.625272,
              49.893985
            ],
            [
              8.625257,
              49.893981
            ],
            [
              8.625201,
              49.893951
            ],
            [
              8.625146,
              49.893921
            ],
            [
              8.625136,
              49.893916
            ],
            [
              8.624091,
              49.894514
            ],
            [
              8.624057,
              49.89459
            ],
            [
              8.623872,
              49.894708
            ],
            [
              8.623802,
              49.894711
            ],
            [
              8.623799,
              49.894686
            ],
            [
              8.623783,
              49.894541
            ],
            [
              8.623773,
              49.894461
            ],
            [
              8.623732,
              49.894106
            ],
            [
              8.623701,
              49.893888
            ],
            [
              8.623649,
              49.89369
            ],
            [
              8.623559,
              49.893462
            ],
            [
              8.623454,
              49.893252
            ],
            [
              8.62325,
              49.892951
            ],
            [
              8.623006,
              49.892666
            ],
            [
              8.622814,
              49.892485
            ],
            [
              8.622606,
              49.892314
            ],
            [
              8.622383,
              49.892154
            ],
            [
              8.622149,
              49.892009
            ],
            [
              8.621894,
              49.891875
            ],
            [
              8.621816,
              49.891834
            ],
            [
              8.621165,
              49.891569
            ],
            [
              8.620009,
              49.891126
            ],
            [
              8.619092,
              49.890777
            ],
            [
              8.617868,
              49.890312
            ],
            [
              8.61687,
              49.889932
            ],
            [
              8.617008,
              49.889818
            ],
            [
              8.61688,
              49.889771
            ],
            [
              8.61693,
              49.889743
            ],
            [
              8.618026,
              49.889115
            ],
            [
              8.619216,
              49.888434
            ],
            [
              8.619328,
              49.888369
            ],
            [
              8.619405,
              49.88832
            ],
            [
              8.619439,
              49.888302
            ],
            [
              8.616828,
              49.887964
            ],
            [
              8.616834,
              49.887941
            ],
            [
              8.617095,
              49.88704
            ],
            [
              8.616878,
              49.887007
            ],
            [
              8.616671,
              49.886976
            ],
            [
              8.616618,
              49.886968
            ],
            [
              8.616522,
              49.886953
            ],
            [
              8.616371,
              49.88693
            ],
            [
              8.616019,
              49.886876
            ],
            [
              8.61568,
              49.886825
            ],
            [
              8.615307,
              49.886768
            ],
            [
              8.615155,
              49.886745
            ],
            [
              8.615117,
              49.886739
            ],
            [
              8.614933,
              49.886711
            ],
            [
              8.614893,
              49.886705
            ],
            [
              8.614851,
              49.886699
            ],
            [
              8.614814,
              49.886693
            ],
            [
              8.614776,
              49.886687
            ],
            [
              8.614738,
              49.886682
            ],
            [
              8.6147,
              49.886676
            ],
            [
              8.614662,
              49.88667
            ],
            [
              8.614624,
              49.886664
            ],
            [
              8.614586,
              49.886658
            ],
            [
              8.614524,
              49.886649
            ],
            [
              8.614314,
              49.886617
            ],
            [
              8.614106,
              49.886585
            ],
            [
              8.613905,
              49.886555
            ],
            [
              8.613607,
              49.886509
            ],
            [
              8.613387,
              49.886476
            ],
            [
              8.613168,
              49.886443
            ],
            [
              8.61295,
              49.886409
            ],
            [
              8.61273,
              49.886376
            ],
            [
              8.612434,
              49.886331
            ],
            [
              8.612419,
              49.886328
            ],
            [
              8.612256,
              49.886304
            ],
            [
              8.612083,
              49.886278
            ],
            [
              8.611896,
              49.886249
            ],
            [
              8.611475,
              49.886185
            ],
            [
              8.611136,
              49.886133
            ],
            [
              8.610906,
              49.886098
            ],
            [
              8.610647,
              49.886059
            ],
            [
              8.610606,
              49.886053
            ],
            [
              8.610034,
              49.885966
            ],
            [
              8.609966,
              49.885955
            ],
            [
              8.609662,
              49.885909
            ],
            [
              8.609259,
              49.885761
            ],
            [
              8.608998,
              49.885666
            ],
            [
              8.608673,
              49.885547
            ],
            [
              8.608349,
              49.885428
            ],
            [
              8.60819,
              49.88537
            ],
            [
              8.608101,
              49.885337
            ],
            [
              8.607973,
              49.88529
            ],
            [
              8.607762,
              49.885212
            ],
            [
              8.607608,
              49.885156
            ],
            [
              8.60752,
              49.885124
            ],
            [
              8.60736,
              49.885065
            ],
            [
              8.607314,
              49.885048
            ],
            [
              8.607313,
              49.885048
            ],
            [
              8.60705,
              49.884952
            ],
            [
              8.606993,
              49.884931
            ],
            [
              8.606834,
              49.884872
            ],
            [
              8.606724,
              49.884832
            ],
            [
              8.606525,
              49.884759
            ],
            [
              8.606416,
              49.884719
            ],
            [
              8.606097,
              49.884602
            ],
            [
              8.606048,
              49.88454
            ],
            [
              8.606018,
              49.884502
            ],
            [
              8.605626,
              49.884002
            ],
            [
              8.605555,
              49.88391
            ],
            [
              8.605374,
              49.88368
            ],
            [
              8.60497,
              49.883214
            ],
            [
              8.604669,
              49.882839
            ],
            [
              8.603588,
              49.882845
            ],
            [
              8.603329,
              49.882847
            ],
            [
              8.603286,
              49.882847
            ],
            [
              8.602642,
              49.88285
            ],
            [
              8.6026,
              49.8828
            ],
            [
              8.602574,
              49.882768
            ],
            [
              8.60257,
              49.882764
            ],
            [
              8.602524,
              49.882708
            ],
            [
              8.602463,
              49.882368
            ],
            [
              8.602414,
              49.881808
            ],
            [
              8.602354,
              49.880923
            ],
            [
              8.602293,
              49.880021
            ],
            [
              8.60192,
              49.877786
            ],
            [
              8.60186,
              49.877468
            ],
            [
              8.601837,
              49.877431
            ],
            [
              8.601793,
              49.877358
            ],
            [
              8.601742,
              49.877057
            ],
            [
              8.601786,
              49.87698
            ],
            [
              8.601774,
              49.87691
            ],
            [
              8.601766,
              49.876859
            ],
            [
              8.601699,
              49.876455
            ],
            [
              8.601687,
              49.876382
            ],
            [
              8.601557,
              49.87555
            ],
            [
              8.601402,
              49.87466
            ],
            [
              8.60128,
              49.873956
            ],
            [
              8.601246,
              49.873763
            ],
            [
              8.601092,
              49.872874
            ],
            [
              8.601032,
              49.872528
            ],
            [
              8.600937,
              49.871982
            ],
            [
              8.600796,
              49.871281
            ],
            [
              8.600643,
              49.870776
            ],
            [
              8.600403,
              49.870078
            ],
            [
              8.59998,
              49.868845
            ],
            [
              8.599926,
              49.868688
            ],
            [
              8.599688,
              49.867983
            ],
            [
              8.599669,
              49.867928
            ],
            [
              8.599576,
              49.867581
            ],
            [
              8.599397,
              49.867011
            ],
            [
              8.599254,
              49.866416
            ],
            [
              8.599176,
              49.865972
            ],
            [
              8.599161,
              49.865942
            ],
            [
              8.599153,
              49.865926
            ],
            [
              8.599122,
              49.865863
            ],
            [
              8.599102,
              49.865783
            ],
            [
              8.599099,
              49.865771
            ],
            [
              8.599092,
              49.865744
            ],
            [
              8.599083,
              49.86571
            ],
            [
              8.599048,
              49.865572
            ],
            [
              8.599038,
              49.865534
            ],
            [
              8.597826,
              49.865367
            ],
            [
              8.597143,
              49.865227
            ],
            [
              8.597274,
              49.865201
            ],
            [
              8.597277,
              49.8652
            ],
            [
              8.597382,
              49.865142
            ],
            [
              8.597458,
              49.865067
            ],
            [
              8.5975,
              49.864982
            ],
            [
              8.597526,
              49.864894
            ],
            [
              8.597547,
              49.864805
            ],
            [
              8.597652,
              49.863779
            ],
            [
              8.597656,
              49.863642
            ],
            [
              8.597678,
              49.863529
            ],
            [
              8.597753,
              49.863405
            ],
            [
              8.597847,
              49.863312
            ],
            [
              8.598216,
              49.863101
            ],
            [
              8.598309,
              49.863017
            ],
            [
              8.59837,
              49.862918
            ],
            [
              8.598388,
              49.862816
            ],
            [
              8.598327,
              49.862012
            ],
            [
              8.598305,
              49.861721
            ],
            [
              8.598284,
              49.861545
            ],
            [
              8.598235,
              49.861311
            ],
            [
              8.598107,
              49.861089
            ],
            [
              8.598079,
              49.860803
            ],
            [
              8.598026,
              49.860506
            ],
            [
              8.596795,
              49.860418
            ],
            [
              8.595725,
              49.860341
            ],
            [
              8.594591,
              49.86026
            ],
            [
              8.594618,
              49.860154
            ],
            [
              8.592335,
              49.859836
            ],
            [
              8.592329,
              49.859831
            ],
            [
              8.591938,
              49.859468
            ],
            [
              8.591871,
              49.85951
            ],
            [
              8.591206,
              49.859431
            ],
            [
              8.591201,
              49.859468
            ],
            [
              8.591186,
              49.859563
            ],
            [
              8.591048,
              49.859556
            ],
            [
              8.591037,
              49.859555
            ],
            [
              8.591157,
              49.858619
            ],
            [
              8.591139,
              49.858365
            ],
            [
              8.591046,
              49.858162
            ],
            [
              8.590955,
              49.85793
            ],
            [
              8.590982,
              49.857578
            ],
            [
              8.591131,
              49.857515
            ],
            [
              8.591416,
              49.85711
            ],
            [
              8.59147,
              49.857035
            ],
            [
              8.591501,
              49.856838
            ],
            [
              8.591502,
              49.856833
            ],
            [
              8.591499,
              49.856833
            ],
            [
              8.591409,
              49.856789
            ],
            [
              8.590651,
              49.856418
            ],
            [
              8.589784,
              49.855971
            ],
            [
              8.589606,
              49.856113
            ],
            [
              8.589538,
              49.85608
            ],
            [
              8.589089,
              49.856438
            ],
            [
              8.588632,
              49.856203
            ],
            [
              8.585149,
              49.856928
            ],
            [
              8.585031,
              49.856912
            ],
            [
              8.582562,
              49.85657
            ],
            [
              8.582827,
              49.855766
            ],
            [
              8.582328,
              49.855703
            ],
            [
              8.582311,
              49.855701
            ],
            [
              8.582311,
              49.8557
            ],
            [
              8.582394,
              49.855429
            ],
            [
              8.582419,
              49.855347
            ],
            [
              8.582479,
              49.855154
            ],
            [
              8.582668,
              49.854537
            ],
            [
              8.58169,
              49.854411
            ],
            [
              8.581792,
              49.854073
            ],
            [
              8.580934,
              49.853978
            ],
            [
              8.580042,
              49.853879
            ],
            [
              8.577941,
              49.85344
            ],
            [
              8.576786,
              49.853199
            ],
            [
              8.576119,
              49.853099
            ],
            [
              8.574813,
              49.852902
            ],
            [
              8.574352,
              49.852833
            ],
            [
              8.573478,
              49.852702
            ],
            [
              8.57254,
              49.852561
            ],
            [
              8.572809,
              49.851748
            ],
            [
              8.573251,
              49.851799
            ],
            [
              8.573265,
              49.851755
            ],
            [
              8.573692,
              49.850425
            ],
            [
              8.573704,
              49.850381
            ],
            [
              8.57382,
              49.850028
            ],
            [
              8.573825,
              49.850011
            ],
            [
              8.573985,
              49.849522
            ],
            [
              8.574134,
              49.849067
            ],
            [
              8.572986,
              49.848937
            ],
            [
              8.572805,
              49.848916
            ],
            [
              8.572538,
              49.848886
            ],
            [
              8.571753,
              49.848797
            ],
            [
              8.571627,
              49.848814
            ],
            [
              8.571436,
              49.84883
            ],
            [
              8.571419,
              49.848778
            ],
            [
              8.569076,
              49.84852
            ],
            [
              8.56848,
              49.848454
            ],
            [
              8.56667,
              49.848248
            ],
            [
              8.565433,
              49.848107
            ],
            [
              8.564824,
              49.848038
            ],
            [
              8.56323,
              49.847856
            ],
            [
              8.563074,
              49.847884
            ],
            [
              8.562741,
              49.848235
            ],
            [
              8.562681,
              49.848195
            ],
            [
              8.562575,
              49.848232
            ],
            [
              8.560592,
              49.848194
            ],
            [
              8.560381,
              49.84819
            ],
            [
              8.558343,
              49.848151
            ],
            [
              8.558289,
              49.848106
            ],
            [
              8.558218,
              49.848105
            ],
            [
              8.558162,
              49.848104
            ]
          ]
        ]
      },
      "properties": {
        "title": "EAD Darmstadt",
        "id": "ead_darmstadt_de"
      }
    }
  ]
}